{"BuzzMeter":{"MeterKey":1,"MiniGraphData":[3.3,5.94,13.0375,7.978481,0.01,1.51,2.06,0.58,1.4,0.58,0.295,1.28,3.298,19.76,0.01,31.22125,5.428333,15.6325,0.01,10.89125],"MetricName":"Buzz","Color":null,"Value":3.3,"PercentChange":-52,"Percentile":60},"UsersMeter":{"MeterKey":2,"MiniGraphData":[2.0,3.0,16.0,62.0,1.0,1.0,1.0,1.0,3.0,1.0,2.0,2.0,1.0,1.0,1.0,8.0,6.0,4.0,1.0,8.0],"MetricName":"Tweeters","Color":null,"Value":2.0,"PercentChange":-50,"Percentile":50},"TweetsMeter":{"MeterKey":3,"MiniGraphData":[2.0,3.0,16.0,79.0,1.0,1.0,1.0,1.0,3.0,1.0,2.0,2.0,5.0,1.0,1.0,8.0,6.0,4.0,1.0,8.0],"MetricName":"Tweets","Color":null,"Value":2.0,"PercentChange":-50,"Percentile":45},"ImpressionsMeter":{"MeterKey":4,"MiniGraphData":[2641.0,5592.0,78538.0,220576.0,4.0,552.0,488.0,41.0,1287.0,41.0,45.0,426.0,3060.0,9030.0,4.0,3033.0,10008.0,27089.0,4.0,28340.0],"MetricName":"Impressions","Color":null,"Value":2641.0,"PercentChange":-53,"Percentile":55},"SenatorKey":1,"SenatorName":"Sen. Richard Shelby","SenatorParty":"Republican","SenatorState":"AL","SenatorClass":"3","SenateTermExpireString":"1/3/2017 12:00:00 AM","DashboardGraph":[],"DashboardTweets":[],"DashboardInfluencers":[],"DashboardWords":[]}