{"BuzzMeter":{"MeterKey":1,"MiniGraphData":[5.398571,14.345,7.4875,0.715,6.124,8.234,5.08,67.004782,1.4,1.06,4.563846,0.741428,8.803636,2.053333,11.799411,3.223636,12.834375,5.896679,10.141666,1.75],"MetricName":"Buzz","Color":null,"Value":5.398571,"PercentChange":-65,"Percentile":55},"UsersMeter":{"MeterKey":2,"MiniGraphData":[7.0,2.0,12.0,2.0,5.0,5.0,7.0,23.0,3.0,1.0,10.0,4.0,5.0,5.0,9.0,5.0,22.0,146.0,6.0,1.0],"MetricName":"Tweeters","Color":null,"Value":7.0,"PercentChange":133,"Percentile":65},"TweetsMeter":{"MeterKey":3,"MiniGraphData":[7.0,2.0,12.0,2.0,5.0,5.0,7.0,23.0,3.0,1.0,13.0,7.0,11.0,9.0,17.0,11.0,32.0,259.0,6.0,1.0],"MetricName":"Tweets","Color":null,"Value":7.0,"PercentChange":133,"Percentile":50},"ImpressionsMeter":{"MeterKey":4,"MiniGraphData":[13634.0,9788.0,38033.0,443.0,9850.0,13263.0,13269.0,663748.0,1239.0,184.0,21921.0,2274.0,34550.0,6050.0,76828.0,12279.0,174692.0,589329.0,26149.0,552.0],"MetricName":"Impressions","Color":null,"Value":13634.0,"PercentChange":39,"Percentile":60},"SenatorKey":4,"SenatorName":"Sen. Mark Begich","SenatorParty":"Democratic","SenatorState":"AK","SenatorClass":"2","SenateTermExpireString":"1/3/2015 12:00:00 AM","DashboardGraph":[],"DashboardTweets":[],"DashboardInfluencers":[],"DashboardWords":[]}