{"BuzzMeter":{"MeterKey":1,"MiniGraphData":[0.22,6.10625,0.03,11.056666,0.46,1.755,12.842222,3.284,2.17,1.26,0.38,1.9575,0.03,24.4,10.055,7.297272,0.78,0.78,4.757142,95.93923],"MetricName":"Buzz","Color":null,"Value":0.22,"PercentChange":-97,"Percentile":15},"UsersMeter":{"MeterKey":2,"MiniGraphData":[1.0,8.0,1.0,3.0,1.0,2.0,6.0,4.0,4.0,34.0,1.0,4.0,1.0,1.0,4.0,11.0,1.0,1.0,7.0,86.0],"MetricName":"Tweeters","Color":null,"Value":1.0,"PercentChange":-89,"Percentile":15},"TweetsMeter":{"MeterKey":3,"MiniGraphData":[1.0,8.0,1.0,3.0,1.0,2.0,9.0,5.0,6.0,34.0,1.0,4.0,1.0,1.0,4.0,11.0,1.0,1.0,7.0,91.0],"MetricName":"Tweets","Color":null,"Value":1.0,"PercentChange":-89,"Percentile":15},"ImpressionsMeter":{"MeterKey":4,"MiniGraphData":[47.0,19435.0,4.0,13429.0,79.0,794.0,51341.0,5576.0,5166.0,14030.0,166.0,2616.0,7.0,12048.0,18067.0,36340.0,213.0,213.0,11071.0,4269718.0],"MetricName":"Impressions","Color":null,"Value":47.0,"PercentChange":-100,"Percentile":15},"SenatorKey":19,"SenatorName":"Sen. Saxby Chambliss","SenatorParty":"Republican","SenatorState":"GA","SenatorClass":"2","SenateTermExpireString":"1/3/2015 12:00:00 AM","DashboardGraph":[],"DashboardTweets":[],"DashboardInfluencers":[],"DashboardWords":[]}