{"BuzzMeter":{"MeterKey":1,"MiniGraphData":[5.586666,35.165,0.15,15.216363,7.0612,1.88,2.082,54.985,11.353461,11.2975,10.205161,15.651809,6.91756,3.416666,13.665416,17.339333,10.520344,16.192857,4.05,6.67],"MetricName":"Buzz","Color":null,"Value":5.586666,"PercentChange":-85,"Percentile":35},"UsersMeter":{"MeterKey":2,"MiniGraphData":[4.0,2.0,2.0,11.0,25.0,1.0,5.0,2.0,25.0,21.0,27.0,96.0,40.0,14.0,23.0,30.0,27.0,14.0,3.0,1.0],"MetricName":"Tweeters","Color":null,"Value":4.0,"PercentChange":33,"Percentile":25},"TweetsMeter":{"MeterKey":3,"MiniGraphData":[6.0,2.0,2.0,11.0,25.0,1.0,5.0,2.0,26.0,24.0,31.0,105.0,41.0,15.0,24.0,30.0,29.0,14.0,3.0,1.0],"MetricName":"Tweets","Color":null,"Value":6.0,"PercentChange":100,"Percentile":25},"ImpressionsMeter":{"MeterKey":4,"MiniGraphData":[11490.0,33188.0,56.0,72239.0,60873.0,337.0,4149.0,36028.0,121957.0,104932.0,109974.0,626790.0,102501.0,16292.0,134623.0,197173.0,140643.0,103931.0,5291.0,2150.0],"MetricName":"Impressions","Color":null,"Value":11490.0,"PercentChange":-65,"Percentile":25},"SenatorKey":7,"SenatorName":"Sen. Mark Pryor","SenatorParty":"Democratic","SenatorState":"AR","SenatorClass":"2","SenateTermExpireString":"1/3/2015 12:00:00 AM","DashboardGraph":[],"DashboardTweets":[],"DashboardInfluencers":[],"DashboardWords":[]}